﻿<?xml version="1.0" encoding="utf-8"?>
<?xml-stylesheet type="text/xsl" href="file:///C:/PROGRAM FILES (X86)/MICROSOFT VISUAL STUDIO 11.0/COMMON7/IDE/EXTENSIONS/MICROSOFT/ARCHITECTURE TOOLS/EXTENSIBILITY/Logging/ReverseEngineeringLog.xslt"?>
<Log xmlns="http://schemas.microsoft.com/VisualStudio/2010/CodeGen.RE.Log" Label="Code Generation/Text Transformation Log">
  <MessageClass Name="Message" Label="Message" Option="Show informational messages" />
  <MessageClass Name="Warning" Label="Warning" Option="Show warnings" />
  <MessageClass Name="Error" Label="Error" Option="Show errors" />
  <MessageClass Name="Property" Label="Property" Option="Show metadata" />
  <MessageClass Name="Diagnostic" Label="Message" Option="Show diagnostic messages" />
  <Message Timestamp="2013-04-16T12:26:25" Importance="High" Text="Reverse Engineering Started." />
  <Message Timestamp="2013-04-16T12:26:25" Importance="Diagnostic" Text="Element reverse engineered into the UML model: 'Boolean' -  (PrimitiveType)" />
  <Message Timestamp="2013-04-16T12:26:25" Importance="Diagnostic" Text="Element reverse engineered into the UML model: 'ModelingProject1::Document_Converter' -  (Package)" />
  <Message Timestamp="2013-04-16T12:26:25" Importance="Medium" Text="Element reverse engineered into the UML model: 'ModelingProject1::Document_Converter::TextConverter' -  (Class)" />
  <Message Timestamp="2013-04-16T12:26:25" Importance="Diagnostic" Text="Element reverse engineered into the UML model: 'ModelingProject1::Document_Converter::TextConverter::ConvertBold' -  (Operation)" />
  <Message Timestamp="2013-04-16T12:26:25" Importance="Diagnostic" Text="Element reverse engineered into the UML model: 'ModelingProject1::Document_Converter::TextConverter::ConvertBold::isBold' -  (Parameter)" />
  <Message Timestamp="2013-04-16T12:26:25" Importance="Diagnostic" Text="Element reverse engineered into the UML model: 'ModelingProject1::Document_Converter::TextConverter::ConvertCharacter' -  (Operation)" />
  <Message Timestamp="2013-04-16T12:26:25" Importance="Diagnostic" Text="Element reverse engineered into the UML model: 'ModelingProject1::Document_Converter::TextConverter::ConvertCharacter::character' -  (Parameter)" />
  <Message Timestamp="2013-04-16T12:26:25" Importance="Diagnostic" Text="Element reverse engineered into the UML model: 'ModelingProject1::Document_Converter::TextConverter::ConvertItalic' -  (Operation)" />
  <Message Timestamp="2013-04-16T12:26:25" Importance="Diagnostic" Text="Element reverse engineered into the UML model: 'ModelingProject1::Document_Converter::TextConverter::ConvertItalic::isItalic' -  (Parameter)" />
  <Message Timestamp="2013-04-16T12:26:25" Importance="Diagnostic" Text="Element reverse engineered into the UML model: 'ModelingProject1::Document_Converter::TextConverter::ConvertParagraph' -  (Operation)" />
  <Message Timestamp="2013-04-16T12:26:25" Importance="Diagnostic" Text="Element reverse engineered into the UML model: 'ModelingProject1::Document_Converter::TextConverter::TextConverter' -  (Operation)" />
  <Message Timestamp="2013-04-16T12:26:25" Importance="Diagnostic" Text="Element reverse engineered into the UML model: 'ModelingProject1::System' -  (Package)" />
  <Message Timestamp="2013-04-16T12:26:25" Importance="Diagnostic" Text="Element reverse engineered into the UML model: 'ModelingProject1::System::Char' -  (Class)   (partially reverse engineered - definition not updated) " />
  <Message Timestamp="2013-04-16T12:26:25" Importance="High" Text="(1) type(s) fully reverse engineered." />
  <Message Timestamp="2013-04-16T12:26:25" Importance="High" Text="(1) type(s) partially reverse engineered.  These types were not included in the original selection so their full definitions are not reverse engineered.  Instead, this shallow operation has simply ensured these types exist in the UML model because they are needed in order to fully describe other elements." />
  <Message Timestamp="2013-04-16T12:26:25" Importance="High" Text="The reverse engineering operation completed with (0) error(s), and (0) warning(s)." />
</Log>